provider_id,source_serial,county_city,district,provider_name,service_hours_raw,emergency_available,outpatient_available,service_type,patient_note,source_version,source_last_update,source_url,source_page,extraction_date,verification_status
TW-PEP-001,1,臺北市,內湖區,三軍總醫院附設民眾診療服務處,感染科門診：週一、二、三、五早上0830~1200；週二、四、五下午1400~17:00,yes,no,急診,服務時間與看診方式可能異動，出發前請先電話或官網確認；若接近72小時，優先尋求可即時評估的急診或醫療院所。,非職業暴露愛滋病毒後預防性投藥急門診服務時間表(113年調查_1150624更新),2026-06-24,https://www.cdc.gov.tw/File/Get/qG_HXT0vfyI-veQ-BXVe0w,https://www.cdc.gov.tw/Category/MPage/uo89XT3izngK6IY0wv8BNg,2026-07-31,source_extracted_not_phone_verified
TW-PEP-002,2,臺北市,信義區,臺北醫學大學附設醫院,感染科門診：週一、二、三、五上午 08:30-12:00；週一至週五 13:30-17:00；週一 18:00-21:00 (夜間門診) ; 週二18:00-21:00(夜間門診);週六08:30-12:00(隔週開診),no,yes,門診,服務時間與看診方式可能異動，出發前請先電話或官網確認；若接近72小時，優先尋求可即時評估的急診或醫療院所。,非職業暴露愛滋病毒後預防性投藥急門診服務時間表(113年調查_1150624更新),2026-06-24,https://www.cdc.gov.tw/File/Get/qG_HXT0vfyI-veQ-BXVe0w,https://www.cdc.gov.tw/Category/MPage/uo89XT3izngK6IY0wv8BNg,2026-07-31,source_extracted_not_phone_verified
TW-PEP-003,3,臺北市,文山區,臺北市立萬芳醫院-委託財團法人臺北醫學大學辦理,感染科門診：週一至週五 (一般門診) 09:00-12:00；週一、週二、週四、 (一般門診) 13:30-17:00；週二、週四(單週) 18:00-21:00 (夜間門診),no,yes,門診,服務時間與看診方式可能異動，出發前請先電話或官網確認；若接近72小時，優先尋求可即時評估的急診或醫療院所。,非職業暴露愛滋病毒後預防性投藥急門診服務時間表(113年調查_1150624更新),2026-06-24,https://www.cdc.gov.tw/File/Get/qG_HXT0vfyI-veQ-BXVe0w,https://www.cdc.gov.tw/Category/MPage/uo89XT3izngK6IY0wv8BNg,2026-07-31,source_extracted_not_phone_verified
TW-PEP-004,4,臺北市,士林區,新光醫療社團法人新光吳火獅紀念醫院,感染科門診：週一至週五 08:30-12:00；週二至週五 14:00-17:00；週一 18:00-20:00 (夜間門診),yes,no,急診,服務時間與看診方式可能異動，出發前請先電話或官網確認；若接近72小時，優先尋求可即時評估的急診或醫療院所。,非職業暴露愛滋病毒後預防性投藥急門診服務時間表(113年調查_1150624更新),2026-06-24,https://www.cdc.gov.tw/File/Get/qG_HXT0vfyI-veQ-BXVe0w,https://www.cdc.gov.tw/Category/MPage/uo89XT3izngK6IY0wv8BNg,2026-07-31,source_extracted_not_phone_verified
TW-PEP-005,5,臺北市,大安區,國泰醫療財團法人國泰綜合醫院,感染科門診：週一、週二、週五 09:00-12:30；週三18:00-20:30；週四 09:00-12:00；週三、週五 14:00-17:00；週六 09:00-12:00,yes,no,急診,服務時間與看診方式可能異動，出發前請先電話或官網確認；若接近72小時，優先尋求可即時評估的急診或醫療院所。,非職業暴露愛滋病毒後預防性投藥急門診服務時間表(113年調查_1150624更新),2026-06-24,https://www.cdc.gov.tw/File/Get/qG_HXT0vfyI-veQ-BXVe0w,https://www.cdc.gov.tw/Category/MPage/uo89XT3izngK6IY0wv8BNg,2026-07-31,source_extracted_not_phone_verified
TW-PEP-006,6,臺北市,大安區,臺北市立聯合醫院-仁愛院區,"感染科門診：顧文瑋醫師 週一17:30-2030、週二13:30-16:30
感染科門診：張雅媛醫師 週四09:00-12:00、週五13:30-16:30",yes,no,急診,服務時間與看診方式可能異動，出發前請先電話或官網確認；若接近72小時，優先尋求可即時評估的急診或醫療院所。,非職業暴露愛滋病毒後預防性投藥急門診服務時間表(113年調查_1150624更新),2026-06-24,https://www.cdc.gov.tw/File/Get/qG_HXT0vfyI-veQ-BXVe0w,https://www.cdc.gov.tw/Category/MPage/uo89XT3izngK6IY0wv8BNg,2026-07-31,source_extracted_not_phone_verified
TW-PEP-007,7,臺北市,士林區,臺北市立聯合醫院-陽明院區,感染科門診：週三、週四 08:30-11:30；週一、週二、週五 13:30-16:30,yes,no,急診,服務時間與看診方式可能異動，出發前請先電話或官網確認；若接近72小時，優先尋求可即時評估的急診或醫療院所。,非職業暴露愛滋病毒後預防性投藥急門診服務時間表(113年調查_1150624更新),2026-06-24,https://www.cdc.gov.tw/File/Get/qG_HXT0vfyI-veQ-BXVe0w,https://www.cdc.gov.tw/Category/MPage/uo89XT3izngK6IY0wv8BNg,2026-07-31,source_extracted_not_phone_verified
TW-PEP-008,8,臺北市,萬華區,臺北市立聯合醫院-昆明院區,"1. 一般內科：週二、三、五上午門診時段；週四、五下午門診時段
2. 特約門診： 週三、四、五上午門診時段；週二、三、四下午門診時段；週二夜間門診",no,yes,門診,服務時間與看診方式可能異動，出發前請先電話或官網確認；若接近72小時，優先尋求可即時評估的急診或醫療院所。,非職業暴露愛滋病毒後預防性投藥急門診服務時間表(113年調查_1150624更新),2026-06-24,https://www.cdc.gov.tw/File/Get/qG_HXT0vfyI-veQ-BXVe0w,https://www.cdc.gov.tw/Category/MPage/uo89XT3izngK6IY0wv8BNg,2026-07-31,source_extracted_not_phone_verified
TW-PEP-009,9,臺北市,中山區,臺北馬偕紀念醫院,感染科門診：週一至週六 09:00-12:00；週一、週三、週四、週五 14:00-17:00；週一到週五 18:00-21:00 (夜間門診),no,yes,門診,服務時間與看診方式可能異動，出發前請先電話或官網確認；若接近72小時，優先尋求可即時評估的急診或醫療院所。,非職業暴露愛滋病毒後預防性投藥急門診服務時間表(113年調查_1150624更新),2026-06-24,https://www.cdc.gov.tw/File/Get/qG_HXT0vfyI-veQ-BXVe0w,https://www.cdc.gov.tw/Category/MPage/uo89XT3izngK6IY0wv8BNg,2026-07-31,source_extracted_not_phone_verified
TW-PEP-010,10,臺北市,中正區,國立臺灣大學附設醫院,感染科門診：週一至週六09:00-12:00；週一至週五14:00-17:00,yes,no,急診,服務時間與看診方式可能異動，出發前請先電話或官網確認；若接近72小時，優先尋求可即時評估的急診或醫療院所。,非職業暴露愛滋病毒後預防性投藥急門診服務時間表(113年調查_1150624更新),2026-06-24,https://www.cdc.gov.tw/File/Get/qG_HXT0vfyI-veQ-BXVe0w,https://www.cdc.gov.tw/Category/MPage/uo89XT3izngK6IY0wv8BNg,2026-07-31,source_extracted_not_phone_verified
TW-PEP-011,11,臺北市,松山區,長庚醫療財團法人臺北長庚紀念醫院,感染科門診：週三08:30-11:30；週一、週二、週四、週五13:30-16:30,no,yes,門診,服務時間與看診方式可能異動，出發前請先電話或官網確認；若接近72小時，優先尋求可即時評估的急診或醫療院所。,非職業暴露愛滋病毒後預防性投藥急門診服務時間表(113年調查_1150624更新),2026-06-24,https://www.cdc.gov.tw/File/Get/qG_HXT0vfyI-veQ-BXVe0w,https://www.cdc.gov.tw/Category/MPage/uo89XT3izngK6IY0wv8BNg,2026-07-31,source_extracted_not_phone_verified
TW-PEP-012,12,臺北市,松山區,知癒診所,門診時段：週一至週六09:00-12:00，週一、三、四、六 13:30-17:00，週一、二、三、五 18:00-21:00,no,yes,門診,服務時間與看診方式可能異動，出發前請先電話或官網確認；若接近72小時，優先尋求可即時評估的急診或醫療院所。,非職業暴露愛滋病毒後預防性投藥急門診服務時間表(113年調查_1150624更新),2026-06-24,https://www.cdc.gov.tw/File/Get/qG_HXT0vfyI-veQ-BXVe0w,https://www.cdc.gov.tw/Category/MPage/uo89XT3izngK6IY0wv8BNg,2026-07-31,source_extracted_not_phone_verified
TW-PEP-013,13,臺北市,北投區,行政院國軍退除役官兵輔導委員會臺北榮民總醫院,感染科門診：週一至週六08:30-12:00，週一至週五13:30-17:30，週一、週三18:30-20:00 (夜間門診),yes,no,急診,服務時間與看診方式可能異動，出發前請先電話或官網確認；若接近72小時，優先尋求可即時評估的急診或醫療院所。,非職業暴露愛滋病毒後預防性投藥急門診服務時間表(113年調查_1150624更新),2026-06-24,https://www.cdc.gov.tw/File/Get/qG_HXT0vfyI-veQ-BXVe0w,https://www.cdc.gov.tw/Category/MPage/uo89XT3izngK6IY0wv8BNg,2026-07-31,source_extracted_not_phone_verified
TW-PEP-014,14,臺北市,萬華區,和煦診所,門診時段：週一至週四及週六 09:00-12:00、週一至週四 14:00-17:00、17:30-19:30 (*週五固定休診),no,yes,門診,服務時間與看診方式可能異動，出發前請先電話或官網確認；若接近72小時，優先尋求可即時評估的急診或醫療院所。,非職業暴露愛滋病毒後預防性投藥急門診服務時間表(113年調查_1150624更新),2026-06-24,https://www.cdc.gov.tw/File/Get/qG_HXT0vfyI-veQ-BXVe0w,https://www.cdc.gov.tw/Category/MPage/uo89XT3izngK6IY0wv8BNg,2026-07-31,source_extracted_not_phone_verified
TW-PEP-015,15,臺北市,大安區,顧芳瑜泌尿科診所,門診時段：週一至週六09:30-12:00、14:00-17:00、18:30-21:00,no,yes,門診,服務時間與看診方式可能異動，出發前請先電話或官網確認；若接近72小時，優先尋求可即時評估的急診或醫療院所。,非職業暴露愛滋病毒後預防性投藥急門診服務時間表(113年調查_1150624更新),2026-06-24,https://www.cdc.gov.tw/File/Get/qG_HXT0vfyI-veQ-BXVe0w,https://www.cdc.gov.tw/Category/MPage/uo89XT3izngK6IY0wv8BNg,2026-07-31,source_extracted_not_phone_verified
TW-PEP-016,16,臺北市,大安區,忠孝喜月泌尿科診所,門診時段(廖奕安醫師)：週一、四、六 10:30-13:00；週一、二、四、五14:30-17:00及18:30-21:00,no,yes,門診,服務時間與看診方式可能異動，出發前請先電話或官網確認；若接近72小時，優先尋求可即時評估的急診或醫療院所。,非職業暴露愛滋病毒後預防性投藥急門診服務時間表(113年調查_1150624更新),2026-06-24,https://www.cdc.gov.tw/File/Get/qG_HXT0vfyI-veQ-BXVe0w,https://www.cdc.gov.tw/Category/MPage/uo89XT3izngK6IY0wv8BNg,2026-07-31,source_extracted_not_phone_verified
TW-PEP-017,17,臺北市,中山區,中山顧家泌尿科診所,門診時段：週一至週五09:30-12:00、14:00-17:00、18:30-21:00；週六 09:30-12:00、14:00-17:00,no,yes,門診,服務時間與看診方式可能異動，出發前請先電話或官網確認；若接近72小時，優先尋求可即時評估的急診或醫療院所。,非職業暴露愛滋病毒後預防性投藥急門診服務時間表(113年調查_1150624更新),2026-06-24,https://www.cdc.gov.tw/File/Get/qG_HXT0vfyI-veQ-BXVe0w,https://www.cdc.gov.tw/Category/MPage/uo89XT3izngK6IY0wv8BNg,2026-07-31,source_extracted_not_phone_verified
TW-PEP-018,18,臺北市,中山區,民權精睿泌尿科診所,"門診時段：朱信誠醫師 週四、五 0900-1200；週一、三、四、六 1400-17:00；週一、三、六 1800-2030
門診時段：魏汶玲醫師 週一至週三 0900-1200；週二、五 1400-17:00；週二、四至六 1800-2030",no,yes,門診,服務時間與看診方式可能異動，出發前請先電話或官網確認；若接近72小時，優先尋求可即時評估的急診或醫療院所。,非職業暴露愛滋病毒後預防性投藥急門診服務時間表(113年調查_1150624更新),2026-06-24,https://www.cdc.gov.tw/File/Get/qG_HXT0vfyI-veQ-BXVe0w,https://www.cdc.gov.tw/Category/MPage/uo89XT3izngK6IY0wv8BNg,2026-07-31,source_extracted_not_phone_verified
TW-PEP-019,19,臺北市,大同區,恆昕泌尿科診所,門診時段：週一 10:00-13:00、15:00-17:30、18:00-20:30；週二、三 10:00-13:00、15:00-17:30；週四 15:00-17:30、18:00-20:30；週五 10:00-13:00、15:00-17:30、18:00-20:30；週六 10:00-13:00,no,yes,門診,服務時間與看診方式可能異動，出發前請先電話或官網確認；若接近72小時，優先尋求可即時評估的急診或醫療院所。,非職業暴露愛滋病毒後預防性投藥急門診服務時間表(113年調查_1150624更新),2026-06-24,https://www.cdc.gov.tw/File/Get/qG_HXT0vfyI-veQ-BXVe0w,https://www.cdc.gov.tw/Category/MPage/uo89XT3izngK6IY0wv8BNg,2026-07-31,source_extracted_not_phone_verified
TW-PEP-020,20,臺北市,大安區,啟程泌尿科診所,"門診時段：程威銘醫師 週三 09:30-12:30；週六 09:30-12:30
門診時段：廖家亨醫師 週一 09:30-12:30、18:00-21:00；週二 09:30-12:30、14:00-17:00；週四 09:30-12:30、14:00-17:00",no,yes,門診,服務時間與看診方式可能異動，出發前請先電話或官網確認；若接近72小時，優先尋求可即時評估的急診或醫療院所。,非職業暴露愛滋病毒後預防性投藥急門診服務時間表(113年調查_1150624更新),2026-06-24,https://www.cdc.gov.tw/File/Get/qG_HXT0vfyI-veQ-BXVe0w,https://www.cdc.gov.tw/Category/MPage/uo89XT3izngK6IY0wv8BNg,2026-07-31,source_extracted_not_phone_verified
TW-PEP-021,21,臺北市,中山區,津久診所,門診時段：陳偉傑醫師 週一至週五 0930-2030；週六 0930-17:00,no,yes,門診,服務時間與看診方式可能異動，出發前請先電話或官網確認；若接近72小時，優先尋求可即時評估的急診或醫療院所。,非職業暴露愛滋病毒後預防性投藥急門診服務時間表(113年調查_1150624更新),2026-06-24,https://www.cdc.gov.tw/File/Get/qG_HXT0vfyI-veQ-BXVe0w,https://www.cdc.gov.tw/Category/MPage/uo89XT3izngK6IY0wv8BNg,2026-07-31,source_extracted_not_phone_verified
TW-PEP-022,22,新北市,新店區,天主教耕莘醫療財團法人耕莘醫院,感染科門診：週一09:00-12:00； 週三18:00-20:30 (夜間門診),no,yes,門診,服務時間與看診方式可能異動，出發前請先電話或官網確認；若接近72小時，優先尋求可即時評估的急診或醫療院所。,非職業暴露愛滋病毒後預防性投藥急門診服務時間表(113年調查_1150624更新),2026-06-24,https://www.cdc.gov.tw/File/Get/qG_HXT0vfyI-veQ-BXVe0w,https://www.cdc.gov.tw/Category/MPage/uo89XT3izngK6IY0wv8BNg,2026-07-31,source_extracted_not_phone_verified
TW-PEP-023,23,新北市,新莊區,衛生福利部臺北醫院,"林武甫醫師門診：週一13:30-16:30；週二、四 08:30-11:30；週五18:00-20:00 (夜間門診)
李振德醫師門診：週三13:30-16:30；週五08:30-11:30；週二18:00-20:00(夜間門診)",yes,no,急診,服務時間與看診方式可能異動，出發前請先電話或官網確認；若接近72小時，優先尋求可即時評估的急診或醫療院所。,非職業暴露愛滋病毒後預防性投藥急門診服務時間表(113年調查_1150624更新),2026-06-24,https://www.cdc.gov.tw/File/Get/qG_HXT0vfyI-veQ-BXVe0w,https://www.cdc.gov.tw/Category/MPage/uo89XT3izngK6IY0wv8BNg,2026-07-31,source_extracted_not_phone_verified
TW-PEP-024,24,新北市,新莊區,自立診所,門診時段：週一至週五09:00-12:00、15:00-18:00、18:00-21:00；週六、日08:00-12:00、15:00-18:00,no,yes,門診,服務時間與看診方式可能異動，出發前請先電話或官網確認；若接近72小時，優先尋求可即時評估的急診或醫療院所。,非職業暴露愛滋病毒後預防性投藥急門診服務時間表(113年調查_1150624更新),2026-06-24,https://www.cdc.gov.tw/File/Get/qG_HXT0vfyI-veQ-BXVe0w,https://www.cdc.gov.tw/Category/MPage/uo89XT3izngK6IY0wv8BNg,2026-07-31,source_extracted_not_phone_verified
TW-PEP-025,25,新北市,中和區,衛生福利部雙和醫院,感染科門診：週一至週五08:30-11:30；週一、週四下午門診13:30-16:30；週一、週三夜間門診18:00-21:00,no,yes,門診,服務時間與看診方式可能異動，出發前請先電話或官網確認；若接近72小時，優先尋求可即時評估的急診或醫療院所。,非職業暴露愛滋病毒後預防性投藥急門診服務時間表(113年調查_1150624更新),2026-06-24,https://www.cdc.gov.tw/File/Get/qG_HXT0vfyI-veQ-BXVe0w,https://www.cdc.gov.tw/Category/MPage/uo89XT3izngK6IY0wv8BNg,2026-07-31,source_extracted_not_phone_verified
TW-PEP-026,26,新北市,淡水區,馬偕紀念醫院淡水院區,感染科門診：週一、週二、週四和週五09:00-12:00；14:00-17:00；週三、週六 09:00-12:00,no,yes,門診,服務時間與看診方式可能異動，出發前請先電話或官網確認；若接近72小時，優先尋求可即時評估的急診或醫療院所。,非職業暴露愛滋病毒後預防性投藥急門診服務時間表(113年調查_1150624更新),2026-06-24,https://www.cdc.gov.tw/File/Get/qG_HXT0vfyI-veQ-BXVe0w,https://www.cdc.gov.tw/Category/MPage/uo89XT3izngK6IY0wv8BNg,2026-07-31,source_extracted_not_phone_verified
TW-PEP-027,27,新北市,新店區,佛教慈濟醫療財團法人臺北慈濟醫院,"彭銘業主任門診：週一1400-1730、週三1400-1730、週五1400-1730
洪伯斌醫師門診：週二、週六 08:30-12:00
蘇印士醫師門診：週一0830-1200、週一1830-21:00、週四0830-1200
邱勝康醫師：週一1400-1730、週三1400-1730、週四1400-1730
楊慶輝醫師：週一0830-1200、週二1400-1730、週四1400-1730、週五 08:30-12:00",no,yes,門診,服務時間與看診方式可能異動，出發前請先電話或官網確認；若接近72小時，優先尋求可即時評估的急診或醫療院所。,非職業暴露愛滋病毒後預防性投藥急門診服務時間表(113年調查_1150624更新),2026-06-24,https://www.cdc.gov.tw/File/Get/qG_HXT0vfyI-veQ-BXVe0w,https://www.cdc.gov.tw/Category/MPage/uo89XT3izngK6IY0wv8BNg,2026-07-31,source_extracted_not_phone_verified
TW-PEP-028,28,新北市,泰山區,天主教輔仁大學附設醫院,感染科門診－李宜謙醫師、董紹賢醫師：週二、週三、週四、週五上午們診；週一、週二 下午門診時段；週四夜間門診,yes,no,急診,服務時間與看診方式可能異動，出發前請先電話或官網確認；若接近72小時，優先尋求可即時評估的急診或醫療院所。,非職業暴露愛滋病毒後預防性投藥急門診服務時間表(113年調查_1150624更新),2026-06-24,https://www.cdc.gov.tw/File/Get/qG_HXT0vfyI-veQ-BXVe0w,https://www.cdc.gov.tw/Category/MPage/uo89XT3izngK6IY0wv8BNg,2026-07-31,source_extracted_not_phone_verified
TW-PEP-029,29,新北市,板橋區,醫療財團法人徐元智先生醫療基金會亞東紀念醫院,感染科門診：上午門診時段：週一、週三、週四、週五；下午門診時段：週一至週五；夜間門診時段：週二、週四；諮詢電話02-7728-1848 (不提供線上是否投藥諮詢),no,yes,門診,服務時間與看診方式可能異動，出發前請先電話或官網確認；若接近72小時，優先尋求可即時評估的急診或醫療院所。,非職業暴露愛滋病毒後預防性投藥急門診服務時間表(113年調查_1150624更新),2026-06-24,https://www.cdc.gov.tw/File/Get/qG_HXT0vfyI-veQ-BXVe0w,https://www.cdc.gov.tw/Category/MPage/uo89XT3izngK6IY0wv8BNg,2026-07-31,source_extracted_not_phone_verified
TW-PEP-030,30,新北市,板橋區,博恩泌尿科外科診所,門診時段：週一至週五 08:30-13:00、16:30-21:00；週六 08:30-13:00,no,yes,門診,服務時間與看診方式可能異動，出發前請先電話或官網確認；若接近72小時，優先尋求可即時評估的急診或醫療院所。,非職業暴露愛滋病毒後預防性投藥急門診服務時間表(113年調查_1150624更新),2026-06-24,https://www.cdc.gov.tw/File/Get/qG_HXT0vfyI-veQ-BXVe0w,https://www.cdc.gov.tw/Category/MPage/uo89XT3izngK6IY0wv8BNg,2026-07-31,source_extracted_not_phone_verified
TW-PEP-031,31,新北市,三重區,張必正診所,門診時段：週一至週六 08:30-11:00；週一至週五 18:30-21:00,no,yes,門診,服務時間與看診方式可能異動，出發前請先電話或官網確認；若接近72小時，優先尋求可即時評估的急診或醫療院所。,非職業暴露愛滋病毒後預防性投藥急門診服務時間表(113年調查_1150624更新),2026-06-24,https://www.cdc.gov.tw/File/Get/qG_HXT0vfyI-veQ-BXVe0w,https://www.cdc.gov.tw/Category/MPage/uo89XT3izngK6IY0wv8BNg,2026-07-31,source_extracted_not_phone_verified
TW-PEP-032,32,新北市,三重區,新北市立聯合醫院,急診及感染科門診：週一9:00-1130 1330-1630、週二1330-1630、週三0900-1130、週四0900-1130、週五9:00-1130 1330-1630,yes,yes,急診 / 門診,服務時間與看診方式可能異動，出發前請先電話或官網確認；若接近72小時，優先尋求可即時評估的急診或醫療院所。,非職業暴露愛滋病毒後預防性投藥急門診服務時間表(113年調查_1150624更新),2026-06-24,https://www.cdc.gov.tw/File/Get/qG_HXT0vfyI-veQ-BXVe0w,https://www.cdc.gov.tw/Category/MPage/uo89XT3izngK6IY0wv8BNg,2026-07-31,source_extracted_not_phone_verified
TW-PEP-033,33,新北市,三重區,好幸福泌尿科診所,"高銘鴻：週一9:30-21:30、週二9:30-21:30、週三9:30-21:30、週四9:30-21:30、週五9:30-21:30、週六9:30-12:30
戴定恩：週二9:30-21:30
戴槐青：週一18:00-21:30
葉亭均：週一14:00-17:00、週五14:00-17:00",no,yes,門診,服務時間與看診方式可能異動，出發前請先電話或官網確認；若接近72小時，優先尋求可即時評估的急診或醫療院所。,非職業暴露愛滋病毒後預防性投藥急門診服務時間表(113年調查_1150624更新),2026-06-24,https://www.cdc.gov.tw/File/Get/qG_HXT0vfyI-veQ-BXVe0w,https://www.cdc.gov.tw/Category/MPage/uo89XT3izngK6IY0wv8BNg,2026-07-31,source_extracted_not_phone_verified
TW-PEP-034,34,新北市,蘆洲區,宜興診所,門診時段：週二、週四、週五 13:30-17:00,no,yes,門診,服務時間與看診方式可能異動，出發前請先電話或官網確認；若接近72小時，優先尋求可即時評估的急診或醫療院所。,非職業暴露愛滋病毒後預防性投藥急門診服務時間表(113年調查_1150624更新),2026-06-24,https://www.cdc.gov.tw/File/Get/qG_HXT0vfyI-veQ-BXVe0w,https://www.cdc.gov.tw/Category/MPage/uo89XT3izngK6IY0wv8BNg,2026-07-31,source_extracted_not_phone_verified
TW-PEP-035,35,新北市,林口區,成柏泌尿專科診所,"黃亮鋼醫師：週二全日、週四午晚診、週五早診、單週週六全日
蔡翰宇醫師：週一全日、周三晚診、週五午晚診、雙週周六全日",no,yes,門診,服務時間與看診方式可能異動，出發前請先電話或官網確認；若接近72小時，優先尋求可即時評估的急診或醫療院所。,非職業暴露愛滋病毒後預防性投藥急門診服務時間表(113年調查_1150624更新),2026-06-24,https://www.cdc.gov.tw/File/Get/qG_HXT0vfyI-veQ-BXVe0w,https://www.cdc.gov.tw/Category/MPage/uo89XT3izngK6IY0wv8BNg,2026-07-31,source_extracted_not_phone_verified
TW-PEP-036,36,基隆市,安樂區,長庚醫療財團法人基隆長庚紀念醫院,感染科門診：週一至週五 09:00-12:00：週二 18:00-20:30 (夜間門診),no,yes,門診,服務時間與看診方式可能異動，出發前請先電話或官網確認；若接近72小時，優先尋求可即時評估的急診或醫療院所。,非職業暴露愛滋病毒後預防性投藥急門診服務時間表(113年調查_1150624更新),2026-06-24,https://www.cdc.gov.tw/File/Get/qG_HXT0vfyI-veQ-BXVe0w,https://www.cdc.gov.tw/Category/MPage/uo89XT3izngK6IY0wv8BNg,2026-07-31,source_extracted_not_phone_verified
TW-PEP-037,37,宜蘭縣,羅東鎮,財團法人天主教靈醫會羅東聖母醫院,感染科門診：週二、週四 09:00-12:00,no,yes,門診,服務時間與看診方式可能異動，出發前請先電話或官網確認；若接近72小時，優先尋求可即時評估的急診或醫療院所。,非職業暴露愛滋病毒後預防性投藥急門診服務時間表(113年調查_1150624更新),2026-06-24,https://www.cdc.gov.tw/File/Get/qG_HXT0vfyI-veQ-BXVe0w,https://www.cdc.gov.tw/Category/MPage/uo89XT3izngK6IY0wv8BNg,2026-07-31,source_extracted_not_phone_verified
TW-PEP-038,38,宜蘭縣,宜蘭市,國立陽明大學附設醫院,感染科門診：週二、週三、週四 09:00-12:00；隔週一 14:00-17:00 (實際依醫院公告為主),no,yes,門診,服務時間與看診方式可能異動，出發前請先電話或官網確認；若接近72小時，優先尋求可即時評估的急診或醫療院所。,非職業暴露愛滋病毒後預防性投藥急門診服務時間表(113年調查_1150624更新),2026-06-24,https://www.cdc.gov.tw/File/Get/qG_HXT0vfyI-veQ-BXVe0w,https://www.cdc.gov.tw/Category/MPage/uo89XT3izngK6IY0wv8BNg,2026-07-31,source_extracted_not_phone_verified
TW-PEP-039,39,金門縣,金湖鎮,衛生福利部金門醫院,內科(感染科) 胡逸帆醫師門診：週二、四、五 09:00-12:00；週二 13:30-16:00 (依醫院官網每月公告為主),no,yes,門診,服務時間與看診方式可能異動，出發前請先電話或官網確認；若接近72小時，優先尋求可即時評估的急診或醫療院所。,非職業暴露愛滋病毒後預防性投藥急門診服務時間表(113年調查_1150624更新),2026-06-24,https://www.cdc.gov.tw/File/Get/qG_HXT0vfyI-veQ-BXVe0w,https://www.cdc.gov.tw/Category/MPage/uo89XT3izngK6IY0wv8BNg,2026-07-31,source_extracted_not_phone_verified
TW-PEP-040,40,桃園市,龜山區,長庚醫療財團法人林口長庚紀念醫院,感染科門診：週一至週五 08:30-11:30；週一至週五 13:30-16:00，預約時段前請先連繫院內個管師 0975-367981。急診僅提供非門診時段。,yes,no,急診,服務時間與看診方式可能異動，出發前請先電話或官網確認；若接近72小時，優先尋求可即時評估的急診或醫療院所。,非職業暴露愛滋病毒後預防性投藥急門診服務時間表(113年調查_1150624更新),2026-06-24,https://www.cdc.gov.tw/File/Get/qG_HXT0vfyI-veQ-BXVe0w,https://www.cdc.gov.tw/Category/MPage/uo89XT3izngK6IY0wv8BNg,2026-07-31,source_extracted_not_phone_verified
TW-PEP-041,41,桃園市,桃園區,衛生福利部桃園醫院,感染科門診：週一至週五08:30-12:00；週一至週五 14:00-17:00；週一、週二、週五 18:00-20:30 (夜間門診)。非門診時段請至急診就醫。,yes,no,急診,服務時間與看診方式可能異動，出發前請先電話或官網確認；若接近72小時，優先尋求可即時評估的急診或醫療院所。,非職業暴露愛滋病毒後預防性投藥急門診服務時間表(113年調查_1150624更新),2026-06-24,https://www.cdc.gov.tw/File/Get/qG_HXT0vfyI-veQ-BXVe0w,https://www.cdc.gov.tw/Category/MPage/uo89XT3izngK6IY0wv8BNg,2026-07-31,source_extracted_not_phone_verified
TW-PEP-042,42,桃園市,桃園區,桃園顧家泌尿科診所,"顧芳瑜醫師：週四上午 09:30-12:15
王士綱醫師：週一、五、六 09:30-12:15；週四14:00-17:15；週六18:30-21:15
林敬哲醫師：週三14:00-17:15
陳柏翰醫師：週三、六 14:00-17:15；週三、五 18:30-21:30
陳毅軒醫師：週二、六 14:00-17:15；週三 18:30-21:15
呂其峰醫師：週一 14:00-17:15
丁偉峰醫師：週二 18:30-21:15
蔡彥村醫師：週五 14:00-17:15
陳信宏醫師：週一09:30-12:15；週四、六 14:00-17:15；週三、五18:30-21:15",no,yes,門診,服務時間與看診方式可能異動，出發前請先電話或官網確認；若接近72小時，優先尋求可即時評估的急診或醫療院所。,非職業暴露愛滋病毒後預防性投藥急門診服務時間表(113年調查_1150624更新),2026-06-24,https://www.cdc.gov.tw/File/Get/qG_HXT0vfyI-veQ-BXVe0w,https://www.cdc.gov.tw/Category/MPage/uo89XT3izngK6IY0wv8BNg,2026-07-31,source_extracted_not_phone_verified
TW-PEP-043,43,桃園市,中壢區,中壢高美泌尿科診,張琮昕醫師：週一至週六上午9:00-12:00；下午14:30-17:30；晚上18:30-20:30,no,yes,門診,服務時間與看診方式可能異動，出發前請先電話或官網確認；若接近72小時，優先尋求可即時評估的急診或醫療院所。,非職業暴露愛滋病毒後預防性投藥急門診服務時間表(113年調查_1150624更新),2026-06-24,https://www.cdc.gov.tw/File/Get/qG_HXT0vfyI-veQ-BXVe0w,https://www.cdc.gov.tw/Category/MPage/uo89XT3izngK6IY0wv8BNg,2026-07-31,source_extracted_not_phone_verified
TW-PEP-044,44,桃園市,新屋區,衛生福利部桃園醫院新屋分院,感染科門診：每月單週五上 09:00~12:00 (依照每月門診公告時間為主),no,yes,門診,服務時間與看診方式可能異動，出發前請先電話或官網確認；若接近72小時，優先尋求可即時評估的急診或醫療院所。,非職業暴露愛滋病毒後預防性投藥急門診服務時間表(113年調查_1150624更新),2026-06-24,https://www.cdc.gov.tw/File/Get/qG_HXT0vfyI-veQ-BXVe0w,https://www.cdc.gov.tw/Category/MPage/uo89XT3izngK6IY0wv8BNg,2026-07-31,source_extracted_not_phone_verified
TW-PEP-045,45,桃園市,楊梅區,明仁診所,鍾智明醫師門診：週一、週五 08:00-12:00、週三、週六 16:00-21:00,no,yes,門診,服務時間與看診方式可能異動，出發前請先電話或官網確認；若接近72小時，優先尋求可即時評估的急診或醫療院所。,非職業暴露愛滋病毒後預防性投藥急門診服務時間表(113年調查_1150624更新),2026-06-24,https://www.cdc.gov.tw/File/Get/qG_HXT0vfyI-veQ-BXVe0w,https://www.cdc.gov.tw/Category/MPage/uo89XT3izngK6IY0wv8BNg,2026-07-31,source_extracted_not_phone_verified
TW-PEP-046,46,新竹市,北區,國立臺灣大學醫學院附設醫院新竹臺大分院新竹醫院,感染科門診：週一、週二、週三、週五 09:00-12:00；週二 18:00-20:00 (夜間門診),no,yes,門診,服務時間與看診方式可能異動，出發前請先電話或官網確認；若接近72小時，優先尋求可即時評估的急診或醫療院所。,非職業暴露愛滋病毒後預防性投藥急門診服務時間表(113年調查_1150624更新),2026-06-24,https://www.cdc.gov.tw/File/Get/qG_HXT0vfyI-veQ-BXVe0w,https://www.cdc.gov.tw/Category/MPage/uo89XT3izngK6IY0wv8BNg,2026-07-31,source_extracted_not_phone_verified
TW-PEP-047,47,新竹市,東區,財團法人臺灣基督教長老教會馬偕醫院新竹分院,感染科門診：週二、隔週三、週四、週五、隔週六 09:00-12:00；週一、週二、週四 14:00-17:00；週一、隔週五 17:30-20:30 (夜間門診),yes,no,急診,服務時間與看診方式可能異動，出發前請先電話或官網確認；若接近72小時，優先尋求可即時評估的急診或醫療院所。,非職業暴露愛滋病毒後預防性投藥急門診服務時間表(113年調查_1150624更新),2026-06-24,https://www.cdc.gov.tw/File/Get/qG_HXT0vfyI-veQ-BXVe0w,https://www.cdc.gov.tw/Category/MPage/uo89XT3izngK6IY0wv8BNg,2026-07-31,source_extracted_not_phone_verified
TW-PEP-048,48,新竹市,東區,永美陳志閔診所,門診時段：週一至週五 09:00-12:00、14:30-17:30、18:30-21:30 (週四14:30-17:30休診)、週六0900-1200、週日休診,no,yes,門診,服務時間與看診方式可能異動，出發前請先電話或官網確認；若接近72小時，優先尋求可即時評估的急診或醫療院所。,非職業暴露愛滋病毒後預防性投藥急門診服務時間表(113年調查_1150624更新),2026-06-24,https://www.cdc.gov.tw/File/Get/qG_HXT0vfyI-veQ-BXVe0w,https://www.cdc.gov.tw/Category/MPage/uo89XT3izngK6IY0wv8BNg,2026-07-31,source_extracted_not_phone_verified
TW-PEP-049,49,新竹縣,竹北市,東元醫療社團法人東元綜合醫院,"感染科門診：
林玉春醫師門診：週一、週二、週四 14:00~17:00；週五 18:30~21:30 (夜間門診)
張天豪醫師門診：週一18:30-21:30 (夜間門診)；週二09:00-12:00、週三09:00-12:00、週四09:00-12:00",yes,no,急診,服務時間與看診方式可能異動，出發前請先電話或官網確認；若接近72小時，優先尋求可即時評估的急診或醫療院所。,非職業暴露愛滋病毒後預防性投藥急門診服務時間表(113年調查_1150624更新),2026-06-24,https://www.cdc.gov.tw/File/Get/qG_HXT0vfyI-veQ-BXVe0w,https://www.cdc.gov.tw/Category/MPage/uo89XT3izngK6IY0wv8BNg,2026-07-31,source_extracted_not_phone_verified
TW-PEP-050,50,新竹縣,竹北市,國立臺灣大學醫學院附設醫院新竹臺大分院生醫醫院,感染科門診：週一14:00-17:00、週二14:00-17:00、週三09:00-1200、週五09:00-12:00,no,yes,門診,服務時間與看診方式可能異動，出發前請先電話或官網確認；若接近72小時，優先尋求可即時評估的急診或醫療院所。,非職業暴露愛滋病毒後預防性投藥急門診服務時間表(113年調查_1150624更新),2026-06-24,https://www.cdc.gov.tw/File/Get/qG_HXT0vfyI-veQ-BXVe0w,https://www.cdc.gov.tw/Category/MPage/uo89XT3izngK6IY0wv8BNg,2026-07-31,source_extracted_not_phone_verified
TW-PEP-051,51,新竹縣,竹北市,博威診所,葉韶豪醫師：週二至週日13:00-21:00,no,yes,門診,服務時間與看診方式可能異動，出發前請先電話或官網確認；若接近72小時，優先尋求可即時評估的急診或醫療院所。,非職業暴露愛滋病毒後預防性投藥急門診服務時間表(113年調查_1150624更新),2026-06-24,https://www.cdc.gov.tw/File/Get/qG_HXT0vfyI-veQ-BXVe0w,https://www.cdc.gov.tw/Category/MPage/uo89XT3izngK6IY0wv8BNg,2026-07-31,source_extracted_not_phone_verified
TW-PEP-052,52,苗栗縣,苗栗市,衛生福利部苗栗醫院,感染科門診：週一13:30-17:00；週三 08:30-12:00,yes,no,急診,服務時間與看診方式可能異動，出發前請先電話或官網確認；若接近72小時，優先尋求可即時評估的急診或醫療院所。,非職業暴露愛滋病毒後預防性投藥急門診服務時間表(113年調查_1150624更新),2026-06-24,https://www.cdc.gov.tw/File/Get/qG_HXT0vfyI-veQ-BXVe0w,https://www.cdc.gov.tw/Category/MPage/uo89XT3izngK6IY0wv8BNg,2026-07-31,source_extracted_not_phone_verified
TW-PEP-053,53,苗栗縣,頭份市,為恭醫療財團法人為恭紀念醫院,感染科門診：週一、週四 08:30-12:00,no,yes,門診,服務時間與看診方式可能異動，出發前請先電話或官網確認；若接近72小時，優先尋求可即時評估的急診或醫療院所。,非職業暴露愛滋病毒後預防性投藥急門診服務時間表(113年調查_1150624更新),2026-06-24,https://www.cdc.gov.tw/File/Get/qG_HXT0vfyI-veQ-BXVe0w,https://www.cdc.gov.tw/Category/MPage/uo89XT3izngK6IY0wv8BNg,2026-07-31,source_extracted_not_phone_verified
TW-PEP-054,54,臺中市,西屯區,臺中榮民總醫院,感染科門診：週一至週五 08:30-12:00、13:30-17:00；週二、週四 18:00-21:00 (夜間門診，最晚20:00前須插卡報到),yes,no,急診,服務時間與看診方式可能異動，出發前請先電話或官網確認；若接近72小時，優先尋求可即時評估的急診或醫療院所。,非職業暴露愛滋病毒後預防性投藥急門診服務時間表(113年調查_1150624更新),2026-06-24,https://www.cdc.gov.tw/File/Get/qG_HXT0vfyI-veQ-BXVe0w,https://www.cdc.gov.tw/Category/MPage/uo89XT3izngK6IY0wv8BNg,2026-07-31,source_extracted_not_phone_verified
TW-PEP-055,55,臺中市,北區,中國醫藥大學附設醫院,感染科門診：週一至週六 08:30-12:00；週一至週五 13:30-17:00； 週一、週二、週四 18:00-21:00 (夜間門診),yes,no,急診,服務時間與看診方式可能異動，出發前請先電話或官網確認；若接近72小時，優先尋求可即時評估的急診或醫療院所。,非職業暴露愛滋病毒後預防性投藥急門診服務時間表(113年調查_1150624更新),2026-06-24,https://www.cdc.gov.tw/File/Get/qG_HXT0vfyI-veQ-BXVe0w,https://www.cdc.gov.tw/Category/MPage/uo89XT3izngK6IY0wv8BNg,2026-07-31,source_extracted_not_phone_verified
TW-PEP-056,56,臺中市,南區,中山醫學大學附設醫院,感染科門診：週一至週五 08:30-12:00、週一至週四 14:00-17:00、週二、三 18:00-21:00 (夜間門診),yes,no,急診,服務時間與看診方式可能異動，出發前請先電話或官網確認；若接近72小時，優先尋求可即時評估的急診或醫療院所。,非職業暴露愛滋病毒後預防性投藥急門診服務時間表(113年調查_1150624更新),2026-06-24,https://www.cdc.gov.tw/File/Get/qG_HXT0vfyI-veQ-BXVe0w,https://www.cdc.gov.tw/Category/MPage/uo89XT3izngK6IY0wv8BNg,2026-07-31,source_extracted_not_phone_verified
TW-PEP-057,57,臺中市,南屯區,林新醫療社團法人林新醫院,感染科門診：週一、週三 09:00-11:00； 週四 14:00-16:30；週三 18:00-20:30 (夜間門診),yes,no,急診,服務時間與看診方式可能異動，出發前請先電話或官網確認；若接近72小時，優先尋求可即時評估的急診或醫療院所。,非職業暴露愛滋病毒後預防性投藥急門診服務時間表(113年調查_1150624更新),2026-06-24,https://www.cdc.gov.tw/File/Get/qG_HXT0vfyI-veQ-BXVe0w,https://www.cdc.gov.tw/Category/MPage/uo89XT3izngK6IY0wv8BNg,2026-07-31,source_extracted_not_phone_verified
TW-PEP-058,58,臺中市,潭子區,財團法人佛教慈濟綜合醫院臺中分院,感染科門診：週一、週三、週四 08:30-12:00；週二、週五 09:00-12:00；週一、週三 13：30-17：00；週二 14:00-17:00；週一 18：00-21：00 (夜間門診)；週四 18:30-21:00 (夜間門診，輪流隔週看),yes,no,急診,服務時間與看診方式可能異動，出發前請先電話或官網確認；若接近72小時，優先尋求可即時評估的急診或醫療院所。,非職業暴露愛滋病毒後預防性投藥急門診服務時間表(113年調查_1150624更新),2026-06-24,https://www.cdc.gov.tw/File/Get/qG_HXT0vfyI-veQ-BXVe0w,https://www.cdc.gov.tw/Category/MPage/uo89XT3izngK6IY0wv8BNg,2026-07-31,source_extracted_not_phone_verified
TW-PEP-059,59,臺中市,西區,衛生福利部臺中醫院,感染科門診：週一、週三、週四 08:30-11:30；週三、週五 13:30-16:30；週一、週二 18:30-20:30 (夜間門診),yes,no,急診,服務時間與看診方式可能異動，出發前請先電話或官網確認；若接近72小時，優先尋求可即時評估的急診或醫療院所。,非職業暴露愛滋病毒後預防性投藥急門診服務時間表(113年調查_1150624更新),2026-06-24,https://www.cdc.gov.tw/File/Get/qG_HXT0vfyI-veQ-BXVe0w,https://www.cdc.gov.tw/Category/MPage/uo89XT3izngK6IY0wv8BNg,2026-07-31,source_extracted_not_phone_verified
TW-PEP-060,60,臺中市,西區,昭安泌尿科診所,"門診時段(陳昭安醫師)：週一 9:00-12:00、14:30-17:30；週二 14:30-17:30、19:00-21:00；週三、週四、週五 9:00-12:00、14:30-17:30、19:00-21:00；週六 9:00-12:00
門診時段(李嘉文醫師)：週一 19:00-21:00；週二 9:00-12:00",no,yes,門診,服務時間與看診方式可能異動，出發前請先電話或官網確認；若接近72小時，優先尋求可即時評估的急診或醫療院所。,非職業暴露愛滋病毒後預防性投藥急門診服務時間表(113年調查_1150624更新),2026-06-24,https://www.cdc.gov.tw/File/Get/qG_HXT0vfyI-veQ-BXVe0w,https://www.cdc.gov.tw/Category/MPage/uo89XT3izngK6IY0wv8BNg,2026-07-31,source_extracted_not_phone_verified
TW-PEP-061,61,臺中市,西屯區,澄清綜合醫院中港分院,感染科門診：週三 09:00-11:30,no,yes,門診,服務時間與看診方式可能異動，出發前請先電話或官網確認；若接近72小時，優先尋求可即時評估的急診或醫療院所。,非職業暴露愛滋病毒後預防性投藥急門診服務時間表(113年調查_1150624更新),2026-06-24,https://www.cdc.gov.tw/File/Get/qG_HXT0vfyI-veQ-BXVe0w,https://www.cdc.gov.tw/Category/MPage/uo89XT3izngK6IY0wv8BNg,2026-07-31,source_extracted_not_phone_verified
TW-PEP-062,62,臺中市,西屯區,禾蓮診所,門診時段：週一 13:00-21:00；週二、週三、週四、週五 09:00-17:00,no,yes,門診,服務時間與看診方式可能異動，出發前請先電話或官網確認；若接近72小時，優先尋求可即時評估的急診或醫療院所。,非職業暴露愛滋病毒後預防性投藥急門診服務時間表(113年調查_1150624更新),2026-06-24,https://www.cdc.gov.tw/File/Get/qG_HXT0vfyI-veQ-BXVe0w,https://www.cdc.gov.tw/Category/MPage/uo89XT3izngK6IY0wv8BNg,2026-07-31,source_extracted_not_phone_verified
TW-PEP-063,63,臺中市,西屯區,醫鄰診所,門診時段：週一、週三 08:30-12:00、17:00-20:00；週二、週四、週六、週日 08:30-12:00；週五08:30-12:00、14:00-20:00,no,yes,門診,服務時間與看診方式可能異動，出發前請先電話或官網確認；若接近72小時，優先尋求可即時評估的急診或醫療院所。,非職業暴露愛滋病毒後預防性投藥急門診服務時間表(113年調查_1150624更新),2026-06-24,https://www.cdc.gov.tw/File/Get/qG_HXT0vfyI-veQ-BXVe0w,https://www.cdc.gov.tw/Category/MPage/uo89XT3izngK6IY0wv8BNg,2026-07-31,source_extracted_not_phone_verified
TW-PEP-064,64,臺中市,西屯區,懿安泌尿科診所,門診時段：週一、週二、週四 09:00-12:00、14:00-17:00、18:00-21:00；週五 09:00-12:00、18:00-21:00；週六 09:00-12:00、14:00-17:00；週日 09:00-12:00,no,yes,門診,服務時間與看診方式可能異動，出發前請先電話或官網確認；若接近72小時，優先尋求可即時評估的急診或醫療院所。,非職業暴露愛滋病毒後預防性投藥急門診服務時間表(113年調查_1150624更新),2026-06-24,https://www.cdc.gov.tw/File/Get/qG_HXT0vfyI-veQ-BXVe0w,https://www.cdc.gov.tw/Category/MPage/uo89XT3izngK6IY0wv8BNg,2026-07-31,source_extracted_not_phone_verified
TW-PEP-065,65,臺中市,北屯區,臺中市立老人復健綜合醫院,門診時段：週一、週三08:30-12:00；週三13:30-17:00,no,yes,門診,服務時間與看診方式可能異動，出發前請先電話或官網確認；若接近72小時，優先尋求可即時評估的急診或醫療院所。,非職業暴露愛滋病毒後預防性投藥急門診服務時間表(113年調查_1150624更新),2026-06-24,https://www.cdc.gov.tw/File/Get/qG_HXT0vfyI-veQ-BXVe0w,https://www.cdc.gov.tw/Category/MPage/uo89XT3izngK6IY0wv8BNg,2026-07-31,source_extracted_not_phone_verified
TW-PEP-066,66,臺中市,梧棲區,童綜合醫療社團法人童綜合紀念醫院,感染科門診：週一至週五08:30-12:00；週一、週四14:00-17:30；週一至週四18:00-21:00,yes,no,急診,服務時間與看診方式可能異動，出發前請先電話或官網確認；若接近72小時，優先尋求可即時評估的急診或醫療院所。,非職業暴露愛滋病毒後預防性投藥急門診服務時間表(113年調查_1150624更新),2026-06-24,https://www.cdc.gov.tw/File/Get/qG_HXT0vfyI-veQ-BXVe0w,https://www.cdc.gov.tw/Category/MPage/uo89XT3izngK6IY0wv8BNg,2026-07-31,source_extracted_not_phone_verified
TW-PEP-067,67,臺中市,沙鹿區,光田醫療社團法人光田綜合醫院,感染科門診：(1) 向上院區：週一、週二、週四、週五 13:30~17:30；(2) 大甲院區：週四、週五 08:00~12:00；週一、週二 13:30~17:30； 週二 18:00-21:00 (夜間門診),no,yes,門診,服務時間與看診方式可能異動，出發前請先電話或官網確認；若接近72小時，優先尋求可即時評估的急診或醫療院所。,非職業暴露愛滋病毒後預防性投藥急門診服務時間表(113年調查_1150624更新),2026-06-24,https://www.cdc.gov.tw/File/Get/qG_HXT0vfyI-veQ-BXVe0w,https://www.cdc.gov.tw/Category/MPage/uo89XT3izngK6IY0wv8BNg,2026-07-31,source_extracted_not_phone_verified
TW-PEP-068,68,臺中市,南屯區,安昱診所,門診時段：週一至週六 09:00-13：00；週一至週五 15:00--20：00,no,yes,門診,服務時間與看診方式可能異動，出發前請先電話或官網確認；若接近72小時，優先尋求可即時評估的急診或醫療院所。,非職業暴露愛滋病毒後預防性投藥急門診服務時間表(113年調查_1150624更新),2026-06-24,https://www.cdc.gov.tw/File/Get/qG_HXT0vfyI-veQ-BXVe0w,https://www.cdc.gov.tw/Category/MPage/uo89XT3izngK6IY0wv8BNg,2026-07-31,source_extracted_not_phone_verified
TW-PEP-069,69,臺中市,南屯區,瑞和診所,門診時段：週一、週三至週日 09:00-12:00；週一、週三至週日 15:00-18:00、18:00-21:00 (每週二公休),no,yes,門診,服務時間與看診方式可能異動，出發前請先電話或官網確認；若接近72小時，優先尋求可即時評估的急診或醫療院所。,非職業暴露愛滋病毒後預防性投藥急門診服務時間表(113年調查_1150624更新),2026-06-24,https://www.cdc.gov.tw/File/Get/qG_HXT0vfyI-veQ-BXVe0w,https://www.cdc.gov.tw/Category/MPage/uo89XT3izngK6IY0wv8BNg,2026-07-31,source_extracted_not_phone_verified
TW-PEP-070,70,臺中市,豐原區,林修名診所,門診時段：週一、週三、週五、週六 09:00-12:00；週一、週二、週四、週五 15:00-17:30、週一、週二、週四19:00-21:00,no,yes,門診,服務時間與看診方式可能異動，出發前請先電話或官網確認；若接近72小時，優先尋求可即時評估的急診或醫療院所。,非職業暴露愛滋病毒後預防性投藥急門診服務時間表(113年調查_1150624更新),2026-06-24,https://www.cdc.gov.tw/File/Get/qG_HXT0vfyI-veQ-BXVe0w,https://www.cdc.gov.tw/Category/MPage/uo89XT3izngK6IY0wv8BNg,2026-07-31,source_extracted_not_phone_verified
TW-PEP-071,71,臺中市,大里區,大里仁愛醫院,感染醫學科－黃怡菁醫師門診：週二 8:30-11:30、週四 13:30-16:30、週五 08:30-11:30,yes,no,急診,服務時間與看診方式可能異動，出發前請先電話或官網確認；若接近72小時，優先尋求可即時評估的急診或醫療院所。,非職業暴露愛滋病毒後預防性投藥急門診服務時間表(113年調查_1150624更新),2026-06-24,https://www.cdc.gov.tw/File/Get/qG_HXT0vfyI-veQ-BXVe0w,https://www.cdc.gov.tw/Category/MPage/uo89XT3izngK6IY0wv8BNg,2026-07-31,source_extracted_not_phone_verified
TW-PEP-072,72,臺中市,南區,吉陽診所,門診時段：週一15:00-20:45；週二09:00-11:45、18:00-20:45；週三09:00-11:45、15:00-20:45；週五09:00-11:45、15:00-20:45；週六09:00-11:45；週日18:00-20:45,no,yes,門診,服務時間與看診方式可能異動，出發前請先電話或官網確認；若接近72小時，優先尋求可即時評估的急診或醫療院所。,非職業暴露愛滋病毒後預防性投藥急門診服務時間表(113年調查_1150624更新),2026-06-24,https://www.cdc.gov.tw/File/Get/qG_HXT0vfyI-veQ-BXVe0w,https://www.cdc.gov.tw/Category/MPage/uo89XT3izngK6IY0wv8BNg,2026-07-31,source_extracted_not_phone_verified
TW-PEP-073,73,彰化縣,彰化市,財團法人彰化基督教醫院,感染科門診：週一至週六 08:30-12:00；週一、週三、週四 14:00-17:00；週四、週五 18:00-21:00,yes,no,急診,服務時間與看診方式可能異動，出發前請先電話或官網確認；若接近72小時，優先尋求可即時評估的急診或醫療院所。,非職業暴露愛滋病毒後預防性投藥急門診服務時間表(113年調查_1150624更新),2026-06-24,https://www.cdc.gov.tw/File/Get/qG_HXT0vfyI-veQ-BXVe0w,https://www.cdc.gov.tw/Category/MPage/uo89XT3izngK6IY0wv8BNg,2026-07-31,source_extracted_not_phone_verified
TW-PEP-074,74,彰化縣,彰化市,秀傳醫療社團法人秀傳紀念醫院,感染科門診：週二、週三、週四 08:30-12:00；週一、週二、週三 14:00-17:00,no,yes,門診,服務時間與看診方式可能異動，出發前請先電話或官網確認；若接近72小時，優先尋求可即時評估的急診或醫療院所。,非職業暴露愛滋病毒後預防性投藥急門診服務時間表(113年調查_1150624更新),2026-06-24,https://www.cdc.gov.tw/File/Get/qG_HXT0vfyI-veQ-BXVe0w,https://www.cdc.gov.tw/Category/MPage/uo89XT3izngK6IY0wv8BNg,2026-07-31,source_extracted_not_phone_verified
TW-PEP-075,75,彰化縣,彰化市,張志鵬泌尿科診所,門診時段：週一至週六 09:00-11:30；週一、週三、週四、週五 15:00-19:30,no,yes,門診,服務時間與看診方式可能異動，出發前請先電話或官網確認；若接近72小時，優先尋求可即時評估的急診或醫療院所。,非職業暴露愛滋病毒後預防性投藥急門診服務時間表(113年調查_1150624更新),2026-06-24,https://www.cdc.gov.tw/File/Get/qG_HXT0vfyI-veQ-BXVe0w,https://www.cdc.gov.tw/Category/MPage/uo89XT3izngK6IY0wv8BNg,2026-07-31,source_extracted_not_phone_verified
TW-PEP-076,76,彰化縣,鹿港鎮,秀傳醫療財團法人彰濱秀傳紀念醫院,感染科門診：週三 9:00-12:00；週三 14:00-16:00；週一、週五 14:00-17:00；週一 18:00-21:00 (夜間門診)(依醫院公告為主),no,yes,門診,服務時間與看診方式可能異動，出發前請先電話或官網確認；若接近72小時，優先尋求可即時評估的急診或醫療院所。,非職業暴露愛滋病毒後預防性投藥急門診服務時間表(113年調查_1150624更新),2026-06-24,https://www.cdc.gov.tw/File/Get/qG_HXT0vfyI-veQ-BXVe0w,https://www.cdc.gov.tw/Category/MPage/uo89XT3izngK6IY0wv8BNg,2026-07-31,source_extracted_not_phone_verified
TW-PEP-077,77,彰化縣,埔心鄉,衛生福利部彰化醫院,感染科門診：週一、週三 08:30-11:30；週四 14:00-16:30；週二 18:30-20:30 (夜間門診),no,yes,門診,服務時間與看診方式可能異動，出發前請先電話或官網確認；若接近72小時，優先尋求可即時評估的急診或醫療院所。,非職業暴露愛滋病毒後預防性投藥急門診服務時間表(113年調查_1150624更新),2026-06-24,https://www.cdc.gov.tw/File/Get/qG_HXT0vfyI-veQ-BXVe0w,https://www.cdc.gov.tw/Category/MPage/uo89XT3izngK6IY0wv8BNg,2026-07-31,source_extracted_not_phone_verified
TW-PEP-078,78,南投縣,埔里鎮,臺中榮民總醫院埔里分院,感染科門診：週五 09:00-12:00、週四 19:00-21:00 (夜間門診),no,yes,門診,服務時間與看診方式可能異動，出發前請先電話或官網確認；若接近72小時，優先尋求可即時評估的急診或醫療院所。,非職業暴露愛滋病毒後預防性投藥急門診服務時間表(113年調查_1150624更新),2026-06-24,https://www.cdc.gov.tw/File/Get/qG_HXT0vfyI-veQ-BXVe0w,https://www.cdc.gov.tw/Category/MPage/uo89XT3izngK6IY0wv8BNg,2026-07-31,source_extracted_not_phone_verified
TW-PEP-079,79,南投縣,埔里鎮,埔基醫療財團法人埔里基督教醫院,感染科門診：週二、週三、週四、週五 09:00-12:00；週二、週四 14:00-17:00；週三 18:30~21:00,yes,no,急診,服務時間與看診方式可能異動，出發前請先電話或官網確認；若接近72小時，優先尋求可即時評估的急診或醫療院所。,非職業暴露愛滋病毒後預防性投藥急門診服務時間表(113年調查_1150624更新),2026-06-24,https://www.cdc.gov.tw/File/Get/qG_HXT0vfyI-veQ-BXVe0w,https://www.cdc.gov.tw/Category/MPage/uo89XT3izngK6IY0wv8BNg,2026-07-31,source_extracted_not_phone_verified
TW-PEP-080,80,南投縣,竹山鎮,竹山秀傳醫療社團法人竹山秀傳醫院,感染科門診：週一、週三 08:30-12:00；週二、週四 14:00-17:00,yes,no,急診,服務時間與看診方式可能異動，出發前請先電話或官網確認；若接近72小時，優先尋求可即時評估的急診或醫療院所。,非職業暴露愛滋病毒後預防性投藥急門診服務時間表(113年調查_1150624更新),2026-06-24,https://www.cdc.gov.tw/File/Get/qG_HXT0vfyI-veQ-BXVe0w,https://www.cdc.gov.tw/Category/MPage/uo89XT3izngK6IY0wv8BNg,2026-07-31,source_extracted_not_phone_verified
TW-PEP-081,81,南投縣,南投市,衛生福利部南投醫院,感染科門診：週三、四下午門診時段；週一夜間門診,yes,no,急診,服務時間與看診方式可能異動，出發前請先電話或官網確認；若接近72小時，優先尋求可即時評估的急診或醫療院所。,非職業暴露愛滋病毒後預防性投藥急門診服務時間表(113年調查_1150624更新),2026-06-24,https://www.cdc.gov.tw/File/Get/qG_HXT0vfyI-veQ-BXVe0w,https://www.cdc.gov.tw/Category/MPage/uo89XT3izngK6IY0wv8BNg,2026-07-31,source_extracted_not_phone_verified
TW-PEP-082,82,雲林縣,斗六市,國立臺灣大學醫學院附設醫院雲林分院-斗六院區,感染科門診：週二 08:30-11:00、 週四 13:30-16:00,yes,no,急診,服務時間與看診方式可能異動，出發前請先電話或官網確認；若接近72小時，優先尋求可即時評估的急診或醫療院所。,非職業暴露愛滋病毒後預防性投藥急門診服務時間表(113年調查_1150624更新),2026-06-24,https://www.cdc.gov.tw/File/Get/qG_HXT0vfyI-veQ-BXVe0w,https://www.cdc.gov.tw/Category/MPage/uo89XT3izngK6IY0wv8BNg,2026-07-31,source_extracted_not_phone_verified
TW-PEP-083,83,雲林縣,虎尾鎮,國立臺灣大學醫學院附設醫院雲林分院-虎尾院區,感染科門診：週三 13:30-16:00,yes,no,急診,服務時間與看診方式可能異動，出發前請先電話或官網確認；若接近72小時，優先尋求可即時評估的急診或醫療院所。,非職業暴露愛滋病毒後預防性投藥急門診服務時間表(113年調查_1150624更新),2026-06-24,https://www.cdc.gov.tw/File/Get/qG_HXT0vfyI-veQ-BXVe0w,https://www.cdc.gov.tw/Category/MPage/uo89XT3izngK6IY0wv8BNg,2026-07-31,source_extracted_not_phone_verified
TW-PEP-084,84,雲林縣,斗六市,國立成功大學醫學院附設醫院-斗六分院,感染科門診：週一13:30-16:30、週四17:30-20:30,no,yes,門診,服務時間與看診方式可能異動，出發前請先電話或官網確認；若接近72小時，優先尋求可即時評估的急診或醫療院所。,非職業暴露愛滋病毒後預防性投藥急門診服務時間表(113年調查_1150624更新),2026-06-24,https://www.cdc.gov.tw/File/Get/qG_HXT0vfyI-veQ-BXVe0w,https://www.cdc.gov.tw/Category/MPage/uo89XT3izngK6IY0wv8BNg,2026-07-31,source_extracted_not_phone_verified
TW-PEP-085,85,雲林縣,麥寮鄉,長庚醫療財團法人雲林長庚紀念醫院,感染科門診：週四 (隔週) 08:30-11:30,yes,no,急診,服務時間與看診方式可能異動，出發前請先電話或官網確認；若接近72小時，優先尋求可即時評估的急診或醫療院所。,非職業暴露愛滋病毒後預防性投藥急門診服務時間表(113年調查_1150624更新),2026-06-24,https://www.cdc.gov.tw/File/Get/qG_HXT0vfyI-veQ-BXVe0w,https://www.cdc.gov.tw/Category/MPage/uo89XT3izngK6IY0wv8BNg,2026-07-31,source_extracted_not_phone_verified
TW-PEP-086,86,雲林縣,虎尾鎮,天主教若瑟醫療財團法人若瑟醫院,"預防投藥診：週一、週二、週四09:00-12:00，
週一、週三、週五14:00-17:00",yes,no,急診,服務時間與看診方式可能異動，出發前請先電話或官網確認；若接近72小時，優先尋求可即時評估的急診或醫療院所。,非職業暴露愛滋病毒後預防性投藥急門診服務時間表(113年調查_1150624更新),2026-06-24,https://www.cdc.gov.tw/File/Get/qG_HXT0vfyI-veQ-BXVe0w,https://www.cdc.gov.tw/Category/MPage/uo89XT3izngK6IY0wv8BNg,2026-07-31,source_extracted_not_phone_verified
TW-PEP-087,87,嘉義縣,朴子市,長庚醫療財團法人嘉義長庚紀念醫院,感染科門診：週一、週二 13:30-16:30； 週四、週五 08:30-11:30,yes,no,急診,服務時間與看診方式可能異動，出發前請先電話或官網確認；若接近72小時，優先尋求可即時評估的急診或醫療院所。,非職業暴露愛滋病毒後預防性投藥急門診服務時間表(113年調查_1150624更新),2026-06-24,https://www.cdc.gov.tw/File/Get/qG_HXT0vfyI-veQ-BXVe0w,https://www.cdc.gov.tw/Category/MPage/uo89XT3izngK6IY0wv8BNg,2026-07-31,source_extracted_not_phone_verified
TW-PEP-088,88,嘉義縣,大林鎮,佛教慈濟醫療財團法人大林慈濟醫院,感染科門診： 週一、週二、週四08:30-12:00；週三 14:00-17:00,no,yes,門診,服務時間與看診方式可能異動，出發前請先電話或官網確認；若接近72小時，優先尋求可即時評估的急診或醫療院所。,非職業暴露愛滋病毒後預防性投藥急門診服務時間表(113年調查_1150624更新),2026-06-24,https://www.cdc.gov.tw/File/Get/qG_HXT0vfyI-veQ-BXVe0w,https://www.cdc.gov.tw/Category/MPage/uo89XT3izngK6IY0wv8BNg,2026-07-31,source_extracted_not_phone_verified
TW-PEP-089,89,嘉義市,西區,臺中榮民總醫院嘉義分院,"感染科蔡哲安醫師門診：週二上午0830-1130
感染科林育蕙醫師：週三上午0830-1130",yes,no,急診,服務時間與看診方式可能異動，出發前請先電話或官網確認；若接近72小時，優先尋求可即時評估的急診或醫療院所。,非職業暴露愛滋病毒後預防性投藥急門診服務時間表(113年調查_1150624更新),2026-06-24,https://www.cdc.gov.tw/File/Get/qG_HXT0vfyI-veQ-BXVe0w,https://www.cdc.gov.tw/Category/MPage/uo89XT3izngK6IY0wv8BNg,2026-07-31,source_extracted_not_phone_verified
TW-PEP-090,90,嘉義市,東區,戴德森醫療財團法人嘉義基督教醫院,感染科門診：(1) 許國忠醫師：週一 09:00-12:00、週二 14:00-17:00 (2)洪冬哲醫師：週四 09:00-12:00 、週五 14:00-17:00,yes,no,急診,服務時間與看診方式可能異動，出發前請先電話或官網確認；若接近72小時，優先尋求可即時評估的急診或醫療院所。,非職業暴露愛滋病毒後預防性投藥急門診服務時間表(113年調查_1150624更新),2026-06-24,https://www.cdc.gov.tw/File/Get/qG_HXT0vfyI-veQ-BXVe0w,https://www.cdc.gov.tw/Category/MPage/uo89XT3izngK6IY0wv8BNg,2026-07-31,source_extracted_not_phone_verified
TW-PEP-091,91,臺南市,永康區,奇美醫療財團法人奇美醫院,感染科門診：週一、週二、週三、週四、週五 09:00~12:00；週一、週二、週四、週五 14:00~17:00；週一、週三 18:00~21:00 (夜間門診),yes,no,急診,服務時間與看診方式可能異動，出發前請先電話或官網確認；若接近72小時，優先尋求可即時評估的急診或醫療院所。,非職業暴露愛滋病毒後預防性投藥急門診服務時間表(113年調查_1150624更新),2026-06-24,https://www.cdc.gov.tw/File/Get/qG_HXT0vfyI-veQ-BXVe0w,https://www.cdc.gov.tw/Category/MPage/uo89XT3izngK6IY0wv8BNg,2026-07-31,source_extracted_not_phone_verified
TW-PEP-092,92,臺南市,北區,國立成功大學醫學院附設醫院,感染科/預防性投藥諮詢門診時段：週一至週五 09:00-12:00；週二、週三、週四 13:30-16:30,no,yes,門診,服務時間與看診方式可能異動，出發前請先電話或官網確認；若接近72小時，優先尋求可即時評估的急診或醫療院所。,非職業暴露愛滋病毒後預防性投藥急門診服務時間表(113年調查_1150624更新),2026-06-24,https://www.cdc.gov.tw/File/Get/qG_HXT0vfyI-veQ-BXVe0w,https://www.cdc.gov.tw/Category/MPage/uo89XT3izngK6IY0wv8BNg,2026-07-31,source_extracted_not_phone_verified
TW-PEP-093,93,臺南市,永康區,吳鴻均泌尿科診所,吳鴻均醫師門診時間：週一 至週六 9:00-12:00；週一、 週二、週五 15:30-17:30；週一至週五 18:00-21:00,no,yes,門診,服務時間與看診方式可能異動，出發前請先電話或官網確認；若接近72小時，優先尋求可即時評估的急診或醫療院所。,非職業暴露愛滋病毒後預防性投藥急門診服務時間表(113年調查_1150624更新),2026-06-24,https://www.cdc.gov.tw/File/Get/qG_HXT0vfyI-veQ-BXVe0w,https://www.cdc.gov.tw/Category/MPage/uo89XT3izngK6IY0wv8BNg,2026-07-31,source_extracted_not_phone_verified
TW-PEP-094,94,臺南市,中西區,廖健良診所,門診時段：(1) 廖健良院長：週一、週三、週五 08:00~12:00；週日：09:00-12:00；週六 15:00-18:00；週一、週三、週五 19:00-21:00；(2) (輪診) 蔡銘駿醫師：週二、週四、週六 08:00-12:00；週日09:00-12:00；週一至週五 15:00-:18:00；週二、週四、週六 19:00-21:00 (依診所公告為主，如遇連假或國定假日，請致電診所確認是否提供服務 (06-225-2983)),no,yes,門診,服務時間與看診方式可能異動，出發前請先電話或官網確認；若接近72小時，優先尋求可即時評估的急診或醫療院所。,非職業暴露愛滋病毒後預防性投藥急門診服務時間表(113年調查_1150624更新),2026-06-24,https://www.cdc.gov.tw/File/Get/qG_HXT0vfyI-veQ-BXVe0w,https://www.cdc.gov.tw/Category/MPage/uo89XT3izngK6IY0wv8BNg,2026-07-31,source_extracted_not_phone_verified
TW-PEP-095,95,高雄市,燕巢區,義大醫療財團法人義大醫院,感染科門診：週一至週五 09:00-12:00；週一至週四 13:30~16:30,no,yes,門診,服務時間與看診方式可能異動，出發前請先電話或官網確認；若接近72小時，優先尋求可即時評估的急診或醫療院所。,非職業暴露愛滋病毒後預防性投藥急門診服務時間表(113年調查_1150624更新),2026-06-24,https://www.cdc.gov.tw/File/Get/qG_HXT0vfyI-veQ-BXVe0w,https://www.cdc.gov.tw/Category/MPage/uo89XT3izngK6IY0wv8BNg,2026-07-31,source_extracted_not_phone_verified
TW-PEP-096,96,高雄市,前金區,高雄市立大同醫院(委託財團法人私立高雄醫學大學附設中和紀念醫院經營),感染科門診：週一、週四、週五上午門診時段；週二至週五下午門診時段；每月隔週週二夜診門診,no,yes,門診,服務時間與看診方式可能異動，出發前請先電話或官網確認；若接近72小時，優先尋求可即時評估的急診或醫療院所。,非職業暴露愛滋病毒後預防性投藥急門診服務時間表(113年調查_1150624更新),2026-06-24,https://www.cdc.gov.tw/File/Get/qG_HXT0vfyI-veQ-BXVe0w,https://www.cdc.gov.tw/Category/MPage/uo89XT3izngK6IY0wv8BNg,2026-07-31,source_extracted_not_phone_verified
TW-PEP-097,97,高雄市,三民區,財團法人私立高雄醫學大學附設中和紀念醫院,感染科門診：週一至週五 上、下午診 (*週四下午沒有診)；每月單週週六上午門診時段；每週一、每月單週週四 夜間門診 (休診時間以醫院網站公告為主),yes,no,急診,服務時間與看診方式可能異動，出發前請先電話或官網確認；若接近72小時，優先尋求可即時評估的急診或醫療院所。,非職業暴露愛滋病毒後預防性投藥急門診服務時間表(113年調查_1150624更新),2026-06-24,https://www.cdc.gov.tw/File/Get/qG_HXT0vfyI-veQ-BXVe0w,https://www.cdc.gov.tw/Category/MPage/uo89XT3izngK6IY0wv8BNg,2026-07-31,source_extracted_not_phone_verified
TW-PEP-098,98,高雄市,三民區,三民嘉文泌尿科診所,門診時段：週一至週五 08:30-21:00；週六 08:30至12:00 (如遇例假日或非上班時間，或有急診需求，請加官方LINE聯絡醫師: @smcw),yes,no,急診,服務時間與看診方式可能異動，出發前請先電話或官網確認；若接近72小時，優先尋求可即時評估的急診或醫療院所。,非職業暴露愛滋病毒後預防性投藥急門診服務時間表(113年調查_1150624更新),2026-06-24,https://www.cdc.gov.tw/File/Get/qG_HXT0vfyI-veQ-BXVe0w,https://www.cdc.gov.tw/Category/MPage/uo89XT3izngK6IY0wv8BNg,2026-07-31,source_extracted_not_phone_verified
TW-PEP-099,99,高雄市,左營區,高雄榮民總醫院,感染科門診：週一至週五 上午門診時段 (*週三為特別門診，惟感染科門診3診不提供nPEP服務),no,yes,門診,服務時間與看診方式可能異動，出發前請先電話或官網確認；若接近72小時，優先尋求可即時評估的急診或醫療院所。,非職業暴露愛滋病毒後預防性投藥急門診服務時間表(113年調查_1150624更新),2026-06-24,https://www.cdc.gov.tw/File/Get/qG_HXT0vfyI-veQ-BXVe0w,https://www.cdc.gov.tw/Category/MPage/uo89XT3izngK6IY0wv8BNg,2026-07-31,source_extracted_not_phone_verified
TW-PEP-100,100,高雄市,小港區,高雄市立小港醫院（委託財團法人私立高雄醫學大學經營）,感染內科門診時段：週一、週二、週三 13:30-16:30；週一、週三 18:00-21:00(9/1取消週一夜診)、週四13:30-16:30、週五08:30~11:00,no,yes,門診,服務時間與看診方式可能異動，出發前請先電話或官網確認；若接近72小時，優先尋求可即時評估的急診或醫療院所。,非職業暴露愛滋病毒後預防性投藥急門診服務時間表(113年調查_1150624更新),2026-06-24,https://www.cdc.gov.tw/File/Get/qG_HXT0vfyI-veQ-BXVe0w,https://www.cdc.gov.tw/Category/MPage/uo89XT3izngK6IY0wv8BNg,2026-07-31,source_extracted_not_phone_verified
TW-PEP-101,101,高雄市,苓雅區,阮綜合醫療社團法人阮綜合醫院,感染科及一般內科門診時段：週二、週三、週四、週五 08:30-12:00 ；週一、週二、週三、週四、週五 13:30-17:00,no,yes,門診,服務時間與看診方式可能異動，出發前請先電話或官網確認；若接近72小時，優先尋求可即時評估的急診或醫療院所。,非職業暴露愛滋病毒後預防性投藥急門診服務時間表(113年調查_1150624更新),2026-06-24,https://www.cdc.gov.tw/File/Get/qG_HXT0vfyI-veQ-BXVe0w,https://www.cdc.gov.tw/Category/MPage/uo89XT3izngK6IY0wv8BNg,2026-07-31,source_extracted_not_phone_verified
TW-PEP-102,102,高雄市,左營區,國軍高雄總醫院左營分院附設民眾診療服務處,感染科門診：週一、週四 08:30-12:00,no,yes,門診,服務時間與看診方式可能異動，出發前請先電話或官網確認；若接近72小時，優先尋求可即時評估的急診或醫療院所。,非職業暴露愛滋病毒後預防性投藥急門診服務時間表(113年調查_1150624更新),2026-06-24,https://www.cdc.gov.tw/File/Get/qG_HXT0vfyI-veQ-BXVe0w,https://www.cdc.gov.tw/Category/MPage/uo89XT3izngK6IY0wv8BNg,2026-07-31,source_extracted_not_phone_verified
TW-PEP-103,103,高雄市,鳥松區,長庚醫療財團法人高雄長庚紀念醫院,感染科門診：週一至週五 08:30-12:00；週一至週五 13:30-17:00,yes,no,急診,服務時間與看診方式可能異動，出發前請先電話或官網確認；若接近72小時，優先尋求可即時評估的急診或醫療院所。,非職業暴露愛滋病毒後預防性投藥急門診服務時間表(113年調查_1150624更新),2026-06-24,https://www.cdc.gov.tw/File/Get/qG_HXT0vfyI-veQ-BXVe0w,https://www.cdc.gov.tw/Category/MPage/uo89XT3izngK6IY0wv8BNg,2026-07-31,source_extracted_not_phone_verified
TW-PEP-104,104,高雄市,苓雅區,高雄市立民生醫院,"1.感染科門診：(1) 謝旻翰醫師：週一 09:00-12:00、週三18:00-21:00、週五09:00-12:00；(2) 林子超醫師：週二 09:00-12:00、週四 14:00-17:00、週四 18:00-21:00；(3) 黃上霖醫師：週一 14:00-17:00及18:00-21:00、週二14:00-17:00、週四 09:00-12:00
2. HERO友善感染科門診：(1) 林子超醫師：週一 14:00-17:00；(2) 陳光銘醫師：週二夜間門診 (*輪週預約診，需於19:00前報到)；(3) 謝旻翰醫師：週三 14:00-17:00 ；(4)張科醫師：週五14:00-17:00(預約診)",yes,no,急診,服務時間與看診方式可能異動，出發前請先電話或官網確認；若接近72小時，優先尋求可即時評估的急診或醫療院所。,非職業暴露愛滋病毒後預防性投藥急門診服務時間表(113年調查_1150624更新),2026-06-24,https://www.cdc.gov.tw/File/Get/qG_HXT0vfyI-veQ-BXVe0w,https://www.cdc.gov.tw/Category/MPage/uo89XT3izngK6IY0wv8BNg,2026-07-31,source_extracted_not_phone_verified
TW-PEP-105,105,高雄市,新興區,七賢高美泌尿科診所,鄭斌睿醫師門診：週一、週二、週三、週五、週六 09:00-12:00；週一~四 14:30-17:30；週一、週三、週四、週五 19:00-21:00,no,yes,門診,服務時間與看診方式可能異動，出發前請先電話或官網確認；若接近72小時，優先尋求可即時評估的急診或醫療院所。,非職業暴露愛滋病毒後預防性投藥急門診服務時間表(113年調查_1150624更新),2026-06-24,https://www.cdc.gov.tw/File/Get/qG_HXT0vfyI-veQ-BXVe0w,https://www.cdc.gov.tw/Category/MPage/uo89XT3izngK6IY0wv8BNg,2026-07-31,source_extracted_not_phone_verified
TW-PEP-106,106,高雄市,楠梓區,健仁醫院,"1. 感染科門診：週二、週四、週五、週六 08:30-12:00；週一 14:00-17:00；週四 18:00-20:30 (夜間門診，依醫院公告為主)
2. 內科門診：週一至週六 08:30-12:00",no,yes,門診,服務時間與看診方式可能異動，出發前請先電話或官網確認；若接近72小時，優先尋求可即時評估的急診或醫療院所。,非職業暴露愛滋病毒後預防性投藥急門診服務時間表(113年調查_1150624更新),2026-06-24,https://www.cdc.gov.tw/File/Get/qG_HXT0vfyI-veQ-BXVe0w,https://www.cdc.gov.tw/Category/MPage/uo89XT3izngK6IY0wv8BNg,2026-07-31,source_extracted_not_phone_verified
TW-PEP-107,107,高雄市,鳳山區,鳳山李嘉文泌尿科診所,門診時段：週一至週五 08:30-21:30；週六 08:30至12:30 (如遇例假日或非上班時間，或有急診需求，請先致電0921-539-366),yes,no,急診,服務時間與看診方式可能異動，出發前請先電話或官網確認；若接近72小時，優先尋求可即時評估的急診或醫療院所。,非職業暴露愛滋病毒後預防性投藥急門診服務時間表(113年調查_1150624更新),2026-06-24,https://www.cdc.gov.tw/File/Get/qG_HXT0vfyI-veQ-BXVe0w,https://www.cdc.gov.tw/Category/MPage/uo89XT3izngK6IY0wv8BNg,2026-07-31,source_extracted_not_phone_verified
TW-PEP-108,108,高雄市,苓雅區,大高田泌尿科診所,門診時段：(1) 陳思翰醫師：週一 09:00-12:00、週二 15:00-18:00及18:30-21:00、週四 15:00-18:00、週五 09:00-21:00、週六 09:00-12:00；(2) 張幼誠醫師：週一、週四 18:30-21:00；(3) 阮序承醫師：週一 15:30-18:00、週二至週四 09:00-12:00；(4) 楊凱富醫師：週一及週四 09:00-12:00、週二及週三 15:00-18:00及18:30-21:00、週五 15:00-18:00、週六 09:00-12:00,no,yes,門診,服務時間與看診方式可能異動，出發前請先電話或官網確認；若接近72小時，優先尋求可即時評估的急診或醫療院所。,非職業暴露愛滋病毒後預防性投藥急門診服務時間表(113年調查_1150624更新),2026-06-24,https://www.cdc.gov.tw/File/Get/qG_HXT0vfyI-veQ-BXVe0w,https://www.cdc.gov.tw/Category/MPage/uo89XT3izngK6IY0wv8BNg,2026-07-31,source_extracted_not_phone_verified
TW-PEP-109,109,高雄市,前鎮區,未來診所,吳怡慧醫師門診時間：週六至週日 08:00-11:00；週一、週二、週三、週六 12:00-15:00及17:00-20:00；週五 14:00-20:00 (*週四固定休診),no,yes,門診,服務時間與看診方式可能異動，出發前請先電話或官網確認；若接近72小時，優先尋求可即時評估的急診或醫療院所。,非職業暴露愛滋病毒後預防性投藥急門診服務時間表(113年調查_1150624更新),2026-06-24,https://www.cdc.gov.tw/File/Get/qG_HXT0vfyI-veQ-BXVe0w,https://www.cdc.gov.tw/Category/MPage/uo89XT3izngK6IY0wv8BNg,2026-07-31,source_extracted_not_phone_verified
TW-PEP-110,110,屏東縣,屏東市,屏基醫療財團法人屏東基督教醫院,感染科門診：週三(隔週)、週五 09:00-12:00；週三 14:00-17:00；週二 18:00-19:30 (夜間門診),yes,no,急診,服務時間與看診方式可能異動，出發前請先電話或官網確認；若接近72小時，優先尋求可即時評估的急診或醫療院所。,非職業暴露愛滋病毒後預防性投藥急門診服務時間表(113年調查_1150624更新),2026-06-24,https://www.cdc.gov.tw/File/Get/qG_HXT0vfyI-veQ-BXVe0w,https://www.cdc.gov.tw/Category/MPage/uo89XT3izngK6IY0wv8BNg,2026-07-31,source_extracted_not_phone_verified
TW-PEP-111,111,屏東縣,屏東市,衛生福利部屏東醫院,感染科門診：週一至週五上午門診時段 (*週二自09:00門診)；週一至週四 下午門診時段；週一 黃昏門診時段；週二(隔週)黃昏門診時段；週五(隔週)黃昏門診時段,no,yes,門診,服務時間與看診方式可能異動，出發前請先電話或官網確認；若接近72小時，優先尋求可即時評估的急診或醫療院所。,非職業暴露愛滋病毒後預防性投藥急門診服務時間表(113年調查_1150624更新),2026-06-24,https://www.cdc.gov.tw/File/Get/qG_HXT0vfyI-veQ-BXVe0w,https://www.cdc.gov.tw/Category/MPage/uo89XT3izngK6IY0wv8BNg,2026-07-31,source_extracted_not_phone_verified
TW-PEP-112,112,屏東縣,東港鎮,安泰醫療社團法人安泰醫院,感染科門診：週二、週四 09:00-12:00,no,yes,門診,服務時間與看診方式可能異動，出發前請先電話或官網確認；若接近72小時，優先尋求可即時評估的急診或醫療院所。,非職業暴露愛滋病毒後預防性投藥急門診服務時間表(113年調查_1150624更新),2026-06-24,https://www.cdc.gov.tw/File/Get/qG_HXT0vfyI-veQ-BXVe0w,https://www.cdc.gov.tw/Category/MPage/uo89XT3izngK6IY0wv8BNg,2026-07-31,source_extracted_not_phone_verified
TW-PEP-113,113,澎湖縣,馬公市,三軍總醫院澎湖分院附設民眾診療服務處,內科門診：每週一上午、週二下午門診時段 (依醫院公告為主),no,yes,門診,服務時間與看診方式可能異動，出發前請先電話或官網確認；若接近72小時，優先尋求可即時評估的急診或醫療院所。,非職業暴露愛滋病毒後預防性投藥急門診服務時間表(113年調查_1150624更新),2026-06-24,https://www.cdc.gov.tw/File/Get/qG_HXT0vfyI-veQ-BXVe0w,https://www.cdc.gov.tw/Category/MPage/uo89XT3izngK6IY0wv8BNg,2026-07-31,source_extracted_not_phone_verified
TW-PEP-114,114,花蓮縣,花蓮市,佛教慈濟醫療財團法人花蓮慈濟醫院,感染科門診：週一至週五門診時段請逕自本院網站門診時刻表查詢,no,yes,門診,服務時間與看診方式可能異動，出發前請先電話或官網確認；若接近72小時，優先尋求可即時評估的急診或醫療院所。,非職業暴露愛滋病毒後預防性投藥急門診服務時間表(113年調查_1150624更新),2026-06-24,https://www.cdc.gov.tw/File/Get/qG_HXT0vfyI-veQ-BXVe0w,https://www.cdc.gov.tw/Category/MPage/uo89XT3izngK6IY0wv8BNg,2026-07-31,source_extracted_not_phone_verified
